-- MySQL dump 10.13  Distrib 5.5.40, for debian-linux-gnu (x86_64)
--
-- Host: 127.0.0.1    Database: appdb
-- ------------------------------------------------------
-- Server version	5.5.37-0ubuntu0.13.10.1

/*!40101 SET @OLD_CHARACTER_SET_CLIENT=@@CHARACTER_SET_CLIENT */;
/*!40101 SET @OLD_CHARACTER_SET_RESULTS=@@CHARACTER_SET_RESULTS */;
/*!40101 SET @OLD_COLLATION_CONNECTION=@@COLLATION_CONNECTION */;
/*!40101 SET NAMES utf8 */;
/*!40103 SET @OLD_TIME_ZONE=@@TIME_ZONE */;
/*!40103 SET TIME_ZONE='+00:00' */;
/*!40014 SET @OLD_UNIQUE_CHECKS=@@UNIQUE_CHECKS, UNIQUE_CHECKS=0 */;
/*!40014 SET @OLD_FOREIGN_KEY_CHECKS=@@FOREIGN_KEY_CHECKS, FOREIGN_KEY_CHECKS=0 */;
/*!40101 SET @OLD_SQL_MODE=@@SQL_MODE, SQL_MODE='NO_AUTO_VALUE_ON_ZERO' */;
/*!40111 SET @OLD_SQL_NOTES=@@SQL_NOTES, SQL_NOTES=0 */;

--
-- Table structure for table `roles`
--

DROP TABLE IF EXISTS `roles`;
/*!40101 SET @saved_cs_client     = @@character_set_client */;
/*!40101 SET character_set_client = utf8 */;
CREATE TABLE `roles` (
  `id` bigint(20) NOT NULL AUTO_INCREMENT,
  `name` varchar(255) NOT NULL,
  PRIMARY KEY (`id`),
  UNIQUE KEY `name` (`name`),
  UNIQUE KEY `UK_ofx66keruapi6vyqpv6f2or37` (`name`)
) ENGINE=InnoDB AUTO_INCREMENT=3 DEFAULT CHARSET=utf8;
/*!40101 SET character_set_client = @saved_cs_client */;

--
-- Dumping data for table `roles`
--

LOCK TABLES `roles` WRITE;
/*!40000 ALTER TABLE `roles` DISABLE KEYS */;
INSERT INTO `roles` VALUES (2,'ADMIN'),(1,'USER');
/*!40000 ALTER TABLE `roles` ENABLE KEYS */;
UNLOCK TABLES;

--
-- Table structure for table `sleep`
--

DROP TABLE IF EXISTS `sleep`;
/*!40101 SET @saved_cs_client     = @@character_set_client */;
/*!40101 SET character_set_client = utf8 */;
CREATE TABLE `sleep` (
  `id` bigint(20) NOT NULL AUTO_INCREMENT,
  `minutes_awake_in_bed` int(11) NOT NULL,
  `minutes_awake_not_in_bed` int(11) NOT NULL,
  `minutes_napping` int(11) NOT NULL,
  `minutes_total` int(11) NOT NULL,
  `time_out_of_bed` datetime DEFAULT NULL,
  `user` bigint(20) DEFAULT NULL,
  PRIMARY KEY (`id`),
  KEY `FK_rfypjk2yj79499hdnoekw3v8w` (`user`),
  CONSTRAINT `FK_rfypjk2yj79499hdnoekw3v8w` FOREIGN KEY (`user`) REFERENCES `users` (`id`)
) ENGINE=InnoDB AUTO_INCREMENT=950 DEFAULT CHARSET=latin1;
/*!40101 SET character_set_client = @saved_cs_client */;

--
-- Dumping data for table `sleep`
--

LOCK TABLES `sleep` WRITE;
/*!40000 ALTER TABLE `sleep` DISABLE KEYS */;
INSERT INTO `sleep` VALUES (1,25,20,0,480,'2014-07-02 05:30:00',10),(2,25,20,0,480,'2014-07-03 05:30:00',10),(4,7,20,0,486,'2012-06-04 05:30:00',15),(5,24,0,0,437,'2012-06-05 05:30:00',15),(6,9,0,0,510,'2012-06-06 05:30:00',15),(7,14,0,0,467,'2012-06-07 05:30:00',15),(8,20,0,0,500,'2012-06-08 05:30:00',15),(9,25,20,0,453,'2012-06-09 05:30:00',15),(10,21,20,0,402,'2012-06-10 05:30:00',15),(11,23,20,0,470,'2012-06-11 05:30:00',15),(12,17,0,0,469,'2012-06-12 05:30:00',15),(13,30,20,0,496,'2012-06-13 05:30:00',15),(14,16,20,0,488,'2012-06-14 05:30:00',15),(15,6,20,0,484,'2012-06-15 05:30:00',15),(16,28,20,0,420,'2012-06-16 05:30:00',15),(17,22,0,0,443,'2012-06-17 05:30:00',15),(18,19,0,0,399,'2012-06-18 05:30:00',15),(19,29,0,0,486,'2012-06-19 05:30:00',15),(20,28,0,0,457,'2012-06-20 05:30:00',15),(21,30,20,0,501,'2012-06-21 05:30:00',15),(22,16,0,0,486,'2012-06-22 05:30:00',15),(23,30,0,0,433,'2012-06-23 05:30:00',15),(24,14,20,0,473,'2012-06-24 05:30:00',15),(25,20,0,0,418,'2012-06-25 05:30:00',15),(26,23,20,0,416,'2012-06-26 05:30:00',15),(27,12,20,0,419,'2012-06-27 05:30:00',15),(28,9,0,0,472,'2012-06-28 05:30:00',15),(29,23,20,0,482,'2012-06-29 05:30:00',15),(30,15,0,0,448,'2012-06-30 05:30:00',15),(31,13,20,0,497,'2012-07-01 05:30:00',15),(32,14,20,0,460,'2012-07-02 05:30:00',15),(33,8,20,0,486,'2012-07-03 05:30:00',15),(34,19,20,0,376,'2012-07-04 05:30:00',15),(35,19,0,0,433,'2012-07-05 05:30:00',15),(36,13,0,0,373,'2012-07-06 05:30:00',15),(37,7,0,0,373,'2012-07-07 05:30:00',15),(38,10,0,0,498,'2012-07-08 05:30:00',15),(39,15,0,0,474,'2012-07-09 05:30:00',15),(40,20,0,0,498,'2012-07-10 05:30:00',15),(41,20,0,0,412,'2012-07-11 05:30:00',15),(42,18,0,0,488,'2012-07-12 05:30:00',15),(43,21,0,0,429,'2012-07-13 05:30:00',15),(44,11,0,0,482,'2012-07-14 05:30:00',15),(45,7,20,0,439,'2012-07-15 05:30:00',15),(46,5,0,0,469,'2012-07-16 05:30:00',15),(47,8,20,0,487,'2012-07-17 05:30:00',15),(48,25,20,0,371,'2012-07-18 05:30:00',15),(49,22,0,0,375,'2012-07-19 05:30:00',15),(50,6,20,0,473,'2012-07-20 05:30:00',15),(51,7,0,0,500,'2012-07-21 05:30:00',15),(52,27,20,0,483,'2012-07-22 05:30:00',15),(53,9,20,0,486,'2012-07-23 05:30:00',15),(54,15,20,0,462,'2012-07-24 05:30:00',15),(55,18,0,0,444,'2012-07-25 05:30:00',15),(56,23,20,0,453,'2012-07-26 05:30:00',15),(57,20,0,0,446,'2012-07-27 05:30:00',15),(58,26,20,0,438,'2012-07-28 05:30:00',15),(59,28,0,0,398,'2012-07-29 05:30:00',15),(60,15,0,0,421,'2012-07-30 05:30:00',15),(61,21,20,0,495,'2012-07-31 05:30:00',15),(62,27,20,0,424,'2012-08-01 05:30:00',15),(63,9,20,0,435,'2012-08-02 05:30:00',15),(64,18,20,0,377,'2012-08-03 05:30:00',15),(65,5,0,0,491,'2012-08-04 05:30:00',15),(66,10,20,0,438,'2012-08-05 05:30:00',15),(67,18,20,0,457,'2012-08-06 05:30:00',15),(68,6,20,0,505,'2012-08-07 05:30:00',15),(69,28,0,0,376,'2012-08-08 05:30:00',15),(70,8,20,0,379,'2012-08-09 05:30:00',15),(71,10,20,0,444,'2012-08-10 05:30:00',15),(72,21,20,0,503,'2012-08-11 05:30:00',15),(73,17,20,0,492,'2012-08-12 05:30:00',15),(74,6,20,0,451,'2012-08-13 05:30:00',15),(75,19,20,0,415,'2012-08-14 05:30:00',15),(76,29,0,0,425,'2012-08-15 05:30:00',15),(77,25,0,0,469,'2012-08-16 05:30:00',15),(78,13,0,0,382,'2012-08-17 05:30:00',15),(79,15,0,0,432,'2012-08-18 05:30:00',15),(80,6,20,0,492,'2012-08-19 05:30:00',15),(81,14,0,0,441,'2012-08-20 05:30:00',15),(82,8,0,0,425,'2012-08-21 05:30:00',15),(83,8,0,0,410,'2012-08-22 05:30:00',15),(84,6,20,0,437,'2012-08-23 05:30:00',15),(85,6,0,0,452,'2012-08-24 05:30:00',15),(86,29,0,0,415,'2012-08-25 05:30:00',15),(87,19,20,0,413,'2012-08-26 05:30:00',15),(88,22,0,0,371,'2012-08-27 05:30:00',15),(89,21,20,0,508,'2012-08-28 05:30:00',15),(90,5,20,0,488,'2012-08-29 05:30:00',15),(91,10,20,0,468,'2012-08-30 05:30:00',15),(92,17,20,0,407,'2012-08-31 05:30:00',15),(93,22,20,0,438,'2012-09-01 05:30:00',15),(94,9,20,0,412,'2012-09-02 05:30:00',15),(95,29,0,0,479,'2012-09-03 05:30:00',15),(96,29,20,0,505,'2012-09-04 05:30:00',15),(97,14,20,0,370,'2012-09-05 05:30:00',15),(98,17,0,0,364,'2012-09-06 05:30:00',15),(99,14,20,0,401,'2012-09-07 05:30:00',15),(100,8,0,0,373,'2012-09-08 05:30:00',15),(101,19,20,0,398,'2012-09-09 05:30:00',15),(102,19,20,0,363,'2012-09-10 05:30:00',15),(103,29,0,0,409,'2012-09-11 05:30:00',15),(104,5,0,0,402,'2012-09-12 05:30:00',15),(105,13,0,0,369,'2012-09-13 05:30:00',15),(106,10,0,0,509,'2012-09-14 05:30:00',15),(107,22,0,0,459,'2012-09-15 05:30:00',15),(108,6,0,0,432,'2012-09-16 05:30:00',15),(109,23,0,0,405,'2012-09-17 05:30:00',15),(110,24,20,0,391,'2012-09-18 05:30:00',15),(111,6,0,0,439,'2012-09-19 05:30:00',15),(112,11,20,0,486,'2012-09-20 05:30:00',15),(113,5,0,0,379,'2012-09-21 05:30:00',15),(114,22,20,0,482,'2012-09-22 05:30:00',15),(115,26,20,0,453,'2012-09-23 05:30:00',15),(116,17,20,0,377,'2012-09-24 05:30:00',15),(117,6,0,0,375,'2012-09-25 05:30:00',15),(118,17,20,0,431,'2012-09-26 05:30:00',15),(119,17,0,0,361,'2012-09-27 05:30:00',15),(120,17,0,0,475,'2012-09-28 05:30:00',15),(121,23,20,0,414,'2012-09-29 05:30:00',15),(122,15,0,0,379,'2012-09-30 05:30:00',15),(123,18,0,0,480,'2012-10-01 05:30:00',15),(124,25,0,0,367,'2012-10-02 05:30:00',15),(125,28,20,0,403,'2012-10-03 05:30:00',15),(126,8,20,0,466,'2012-10-04 05:30:00',15),(127,22,20,0,383,'2012-10-05 05:30:00',15),(128,23,20,0,431,'2012-10-06 05:30:00',15),(129,21,0,0,438,'2012-10-07 05:30:00',15),(130,15,20,0,392,'2012-10-08 05:30:00',15),(131,17,20,0,484,'2012-10-09 05:30:00',15),(132,13,0,0,400,'2012-10-10 05:30:00',15),(133,25,20,0,474,'2012-10-11 05:30:00',15),(134,10,20,0,460,'2012-10-12 05:30:00',15),(135,14,0,0,412,'2012-10-13 05:30:00',15),(136,7,20,0,438,'2012-10-14 05:30:00',15),(137,10,0,0,370,'2012-10-15 05:30:00',15),(138,21,20,0,419,'2012-10-16 05:30:00',15),(139,6,20,0,483,'2012-10-17 05:30:00',15),(140,9,0,0,435,'2012-10-18 05:30:00',15),(141,27,20,0,460,'2012-10-19 05:30:00',15),(142,10,20,0,363,'2012-10-20 05:30:00',15),(143,21,20,0,493,'2012-10-21 05:30:00',15),(144,11,0,0,508,'2012-10-22 05:30:00',15),(145,26,0,0,398,'2012-10-23 05:30:00',15),(146,29,0,0,445,'2012-10-24 05:30:00',15),(147,11,20,0,423,'2012-10-25 05:30:00',15),(148,12,0,0,417,'2012-10-26 05:30:00',15),(149,22,20,0,456,'2012-10-27 05:30:00',15),(150,24,0,0,415,'2012-10-28 05:30:00',15),(151,12,0,0,509,'2012-10-29 05:30:00',15),(152,30,0,0,420,'2012-10-30 05:30:00',15),(153,17,20,0,498,'2012-10-31 05:30:00',15),(154,23,20,0,427,'2012-11-01 05:30:00',15),(155,6,0,0,472,'2012-11-02 05:30:00',15),(156,26,0,0,362,'2012-11-03 05:30:00',15),(157,16,20,0,410,'2012-11-04 05:30:00',15),(158,6,20,0,399,'2012-11-05 05:30:00',15),(159,28,0,0,453,'2012-11-06 05:30:00',15),(160,21,0,0,440,'2012-11-07 05:30:00',15),(161,5,0,0,410,'2012-11-08 05:30:00',15),(162,6,20,0,502,'2012-11-09 05:30:00',15),(163,9,20,0,395,'2012-11-10 05:30:00',15),(164,29,20,0,483,'2012-11-11 05:30:00',15),(165,17,20,0,391,'2012-11-12 05:30:00',15),(166,10,0,0,470,'2012-11-13 05:30:00',15),(167,25,20,0,417,'2012-11-14 05:30:00',15),(168,30,20,0,426,'2012-11-15 05:30:00',15),(169,30,0,0,480,'2012-11-16 05:30:00',15),(170,25,20,0,390,'2012-11-17 05:30:00',15),(171,29,0,0,382,'2012-11-18 05:30:00',15),(172,16,0,0,408,'2012-11-19 05:30:00',15),(173,28,0,0,441,'2012-11-20 05:30:00',15),(174,9,0,0,482,'2012-11-21 05:30:00',15),(175,12,0,0,401,'2012-11-22 05:30:00',15),(176,21,0,0,372,'2012-11-23 05:30:00',15),(177,15,20,0,399,'2012-11-24 05:30:00',15),(178,8,0,0,453,'2012-11-25 05:30:00',15),(179,11,20,0,408,'2012-11-26 05:30:00',15),(180,11,0,0,391,'2012-11-27 05:30:00',15),(181,28,0,0,444,'2012-11-28 05:30:00',15),(182,28,0,0,498,'2012-11-29 05:30:00',15),(183,6,0,0,408,'2012-11-30 05:30:00',15),(184,19,0,0,469,'2012-12-01 05:30:00',15),(185,6,20,0,476,'2012-12-02 05:30:00',15),(186,13,0,0,393,'2012-12-03 05:30:00',15),(187,15,20,0,461,'2012-12-04 05:30:00',15),(188,7,0,0,495,'2012-12-05 05:30:00',15),(189,19,20,0,439,'2012-12-06 05:30:00',15),(190,7,0,0,391,'2012-12-07 05:30:00',15),(191,11,20,0,450,'2012-12-08 05:30:00',15),(192,28,20,0,507,'2012-12-09 05:30:00',15),(193,29,20,0,436,'2012-12-10 05:30:00',15),(194,27,20,0,464,'2012-12-11 05:30:00',15),(195,27,0,0,469,'2012-12-12 05:30:00',15),(196,8,20,0,475,'2012-12-13 05:30:00',15),(197,11,0,0,414,'2012-12-14 05:30:00',15),(198,15,20,0,466,'2012-12-15 05:30:00',15),(199,13,20,0,498,'2012-12-16 05:30:00',15),(200,11,20,0,488,'2012-12-17 05:30:00',15),(201,14,20,0,506,'2012-12-18 05:30:00',15),(202,9,0,0,415,'2012-12-19 05:30:00',15),(203,7,20,0,395,'2012-12-20 05:30:00',15),(204,30,0,0,366,'2012-12-21 05:30:00',15),(205,22,0,0,386,'2012-12-22 05:30:00',15),(206,16,20,0,467,'2012-12-23 05:30:00',15),(207,23,20,0,458,'2012-12-24 05:30:00',15),(208,7,20,0,415,'2012-12-25 05:30:00',15),(209,25,20,0,502,'2012-12-26 05:30:00',15),(210,20,0,0,457,'2012-12-27 05:30:00',15),(211,27,0,0,407,'2012-12-28 05:30:00',15),(212,19,0,0,494,'2012-12-29 05:30:00',15),(213,25,20,0,492,'2012-12-30 05:30:00',15),(214,25,20,0,488,'2012-12-31 05:30:00',15),(215,18,20,0,463,'2013-01-01 05:30:00',15),(216,23,0,0,373,'2013-01-02 05:30:00',15),(217,9,20,0,438,'2013-01-03 05:30:00',15),(218,25,20,0,368,'2013-01-04 05:30:00',15),(219,14,0,0,449,'2013-01-05 05:30:00',15),(220,6,0,0,507,'2013-01-06 05:30:00',15),(221,5,20,0,439,'2013-01-07 05:30:00',15),(222,15,0,0,456,'2013-01-08 05:30:00',15),(223,14,20,0,478,'2013-01-09 05:30:00',15),(224,9,0,0,395,'2013-01-10 05:30:00',15),(225,8,0,0,447,'2013-01-11 05:30:00',15),(226,18,20,0,473,'2013-01-12 05:30:00',15),(227,14,20,0,477,'2013-01-13 05:30:00',15),(228,17,0,0,449,'2013-01-14 05:30:00',15),(229,30,0,0,453,'2013-01-15 05:30:00',15),(230,29,20,0,379,'2013-01-16 05:30:00',15),(231,13,0,0,448,'2013-01-17 05:30:00',15),(232,11,0,0,451,'2013-01-18 05:30:00',15),(233,28,0,0,370,'2013-01-19 05:30:00',15),(234,20,20,0,437,'2013-01-20 05:30:00',15),(235,24,20,0,399,'2013-01-21 05:30:00',15),(236,5,0,0,420,'2013-01-22 05:30:00',15),(237,28,0,0,403,'2013-01-23 05:30:00',15),(238,18,20,0,445,'2013-01-24 05:30:00',15),(239,13,0,0,416,'2013-01-25 05:30:00',15),(240,10,0,0,504,'2013-01-26 05:30:00',15),(241,24,20,0,415,'2013-01-27 05:30:00',15),(242,16,20,0,454,'2013-01-28 05:30:00',15),(243,24,0,0,362,'2013-01-29 05:30:00',15),(244,26,20,0,390,'2013-01-30 05:30:00',15),(245,22,0,0,441,'2013-01-31 05:30:00',15),(246,20,0,0,466,'2013-02-01 05:30:00',15),(247,7,20,0,492,'2013-02-02 05:30:00',15),(248,16,20,0,443,'2013-02-03 05:30:00',15),(249,21,0,0,381,'2013-02-04 05:30:00',15),(250,5,0,0,471,'2013-02-05 05:30:00',15),(251,25,0,0,484,'2013-02-06 05:30:00',15),(252,24,20,0,429,'2013-02-07 05:30:00',15),(253,17,20,0,391,'2013-02-08 05:30:00',15),(254,27,20,0,421,'2013-02-09 05:30:00',15),(255,30,0,0,412,'2013-02-10 05:30:00',15),(256,15,0,0,416,'2013-02-11 05:30:00',15),(257,23,20,0,436,'2013-02-12 05:30:00',15),(258,11,20,0,379,'2013-02-13 05:30:00',15),(259,22,20,0,391,'2013-02-14 05:30:00',15),(260,24,20,0,478,'2013-02-15 05:30:00',15),(261,24,20,0,435,'2013-02-16 05:30:00',15),(262,7,20,0,362,'2013-02-17 05:30:00',15),(263,22,20,0,434,'2013-02-18 05:30:00',15),(264,15,20,0,453,'2013-02-19 05:30:00',15),(265,14,20,0,483,'2013-02-20 05:30:00',15),(266,19,0,0,418,'2013-02-21 05:30:00',15),(267,24,0,0,409,'2013-02-22 05:30:00',15),(268,11,0,0,478,'2013-02-23 05:30:00',15),(269,26,0,0,432,'2013-02-24 05:30:00',15),(270,14,0,0,453,'2013-02-25 05:30:00',15),(271,29,20,0,399,'2013-02-26 05:30:00',15),(272,29,0,0,379,'2013-02-27 05:30:00',15),(273,5,0,0,400,'2013-02-28 05:30:00',15),(274,6,20,0,485,'2013-03-01 05:30:00',15),(275,21,0,0,432,'2013-03-02 05:30:00',15),(276,15,20,0,364,'2013-03-03 05:30:00',15),(277,23,0,0,472,'2013-03-04 05:30:00',15),(278,30,20,0,426,'2013-03-05 05:30:00',15),(279,11,20,0,486,'2013-03-06 05:30:00',15),(280,11,20,0,458,'2013-03-07 05:30:00',15),(281,17,20,0,510,'2013-03-08 05:30:00',15),(282,23,20,0,382,'2013-03-09 05:30:00',15),(283,25,0,0,497,'2013-03-10 05:30:00',15),(284,27,0,0,453,'2013-03-11 05:30:00',15),(285,14,0,0,510,'2013-03-12 05:30:00',15),(286,14,0,0,413,'2013-03-13 05:30:00',15),(287,15,20,0,444,'2013-03-14 05:30:00',15),(288,21,20,0,412,'2013-03-15 05:30:00',15),(289,15,0,0,405,'2013-03-16 05:30:00',15),(290,13,20,0,394,'2013-03-17 05:30:00',15),(291,24,0,0,447,'2013-03-18 05:30:00',15),(292,27,0,0,499,'2013-03-19 05:30:00',15),(293,7,20,0,503,'2013-03-20 05:30:00',15),(294,29,0,0,414,'2013-03-21 05:30:00',15),(295,28,20,0,467,'2013-03-22 05:30:00',15),(296,28,0,0,365,'2013-03-23 05:30:00',15),(297,5,20,0,450,'2013-03-24 05:30:00',15),(298,28,20,0,366,'2013-03-25 05:30:00',15),(299,29,0,0,446,'2013-03-26 05:30:00',15),(300,6,0,0,427,'2013-03-27 05:30:00',15),(301,22,20,0,425,'2013-03-28 05:30:00',15),(302,10,20,0,360,'2013-03-29 05:30:00',15),(303,15,0,0,413,'2013-03-30 05:30:00',15),(304,11,0,0,421,'2013-03-31 05:30:00',15),(305,14,0,0,492,'2013-04-01 05:30:00',15),(306,24,0,0,506,'2013-04-02 05:30:00',15),(307,26,0,0,468,'2013-04-03 05:30:00',15),(308,17,20,0,494,'2013-04-04 05:30:00',15),(309,17,20,0,499,'2013-04-05 05:30:00',15),(310,28,0,0,450,'2013-04-06 05:30:00',15),(311,26,0,0,400,'2013-04-07 05:30:00',15),(312,29,0,0,447,'2013-04-08 05:30:00',15),(313,12,0,0,391,'2013-04-09 05:30:00',15),(314,20,20,0,390,'2013-04-10 05:30:00',15),(315,29,20,0,482,'2013-04-11 05:30:00',15),(316,28,0,0,379,'2013-04-12 05:30:00',15),(317,6,20,0,421,'2013-04-13 05:30:00',15),(318,7,0,0,489,'2013-04-14 05:30:00',15),(319,13,0,0,436,'2013-04-15 05:30:00',15),(320,13,0,0,469,'2013-04-16 05:30:00',15),(321,11,0,0,474,'2013-04-17 05:30:00',15),(322,9,20,0,394,'2013-04-18 05:30:00',15),(323,22,20,0,446,'2013-04-19 05:30:00',15),(324,14,0,0,464,'2013-04-20 05:30:00',15),(325,30,0,0,419,'2013-04-21 05:30:00',15),(326,30,0,0,487,'2013-04-22 05:30:00',15),(327,28,0,0,470,'2013-04-23 05:30:00',15),(328,8,20,0,408,'2013-04-24 05:30:00',15),(329,23,0,0,420,'2013-04-25 05:30:00',15),(330,19,0,0,417,'2013-04-26 05:30:00',15),(331,29,0,0,412,'2013-04-27 05:30:00',15),(332,26,20,0,412,'2013-04-28 05:30:00',15),(333,20,0,0,424,'2013-04-29 05:30:00',15),(334,19,20,0,392,'2013-04-30 05:30:00',15),(335,14,20,0,431,'2013-05-01 05:30:00',15),(336,17,0,0,441,'2013-05-02 05:30:00',15),(337,18,20,0,394,'2013-05-03 05:30:00',15),(338,19,20,0,449,'2013-05-04 05:30:00',15),(339,15,0,0,494,'2013-05-05 05:30:00',15),(340,7,0,0,500,'2013-05-06 05:30:00',15),(341,26,0,0,480,'2013-05-07 05:30:00',15),(342,13,0,0,399,'2013-05-08 05:30:00',15),(343,23,0,0,468,'2013-05-09 05:30:00',15),(344,9,20,0,379,'2013-05-10 05:30:00',15),(345,17,0,0,384,'2013-05-11 05:30:00',15),(346,28,20,0,494,'2013-05-12 05:30:00',15),(347,7,20,0,451,'2013-05-13 05:30:00',15),(348,15,0,0,362,'2013-05-14 05:30:00',15),(349,13,20,0,463,'2013-05-15 05:30:00',15),(350,22,20,0,496,'2013-05-16 05:30:00',15),(351,25,20,0,402,'2013-05-17 05:30:00',15),(352,8,20,0,444,'2013-05-18 05:30:00',15),(353,16,20,0,379,'2013-05-19 05:30:00',15),(354,8,20,0,412,'2013-05-20 05:30:00',15),(355,26,20,0,457,'2013-05-21 05:30:00',15),(356,9,0,0,417,'2013-05-22 05:30:00',15),(357,19,0,0,474,'2013-05-23 05:30:00',15),(358,24,20,0,455,'2013-05-24 05:30:00',15),(359,19,0,0,506,'2013-05-25 05:30:00',15),(360,20,20,0,451,'2013-05-26 05:30:00',15),(361,5,0,0,463,'2013-05-27 05:30:00',15),(362,30,20,0,401,'2013-05-28 05:30:00',15),(363,28,20,0,382,'2013-05-29 05:30:00',15),(364,10,0,0,419,'2013-05-30 05:30:00',15),(365,16,0,0,479,'2013-05-31 05:30:00',15),(366,6,20,0,418,'2013-06-01 05:30:00',15),(367,22,20,0,459,'2013-06-02 05:30:00',15),(368,19,0,0,389,'2013-06-03 05:30:00',15),(369,17,20,0,361,'2013-06-04 05:30:00',15),(370,20,0,0,490,'2013-06-05 05:30:00',15),(371,27,20,0,375,'2013-06-06 05:30:00',15),(372,6,20,0,491,'2013-06-07 05:30:00',15),(373,8,20,0,508,'2013-06-08 05:30:00',15),(374,21,20,0,432,'2013-06-09 05:30:00',15),(375,11,0,0,400,'2013-06-10 05:30:00',15),(376,13,20,0,368,'2013-06-11 05:30:00',15),(377,23,20,0,391,'2013-06-12 05:30:00',15),(378,5,20,0,387,'2013-06-13 05:30:00',15),(379,15,20,0,454,'2013-06-14 05:30:00',15),(380,17,0,0,493,'2013-06-15 05:30:00',15),(381,27,0,0,423,'2013-06-16 05:30:00',15),(382,30,20,0,420,'2013-06-17 05:30:00',15),(383,23,0,0,399,'2013-06-18 05:30:00',15),(384,27,0,0,467,'2013-06-19 05:30:00',15),(385,11,20,0,479,'2013-06-20 05:30:00',15),(386,25,0,0,468,'2013-06-21 05:30:00',15),(387,22,20,0,486,'2013-06-22 05:30:00',15),(388,11,20,0,384,'2013-06-23 05:30:00',15),(389,9,0,0,408,'2013-06-24 05:30:00',15),(390,7,20,0,403,'2013-06-25 05:30:00',15),(391,30,0,0,413,'2013-06-26 05:30:00',15),(392,7,20,0,506,'2013-06-27 05:30:00',15),(393,6,20,0,476,'2013-06-28 05:30:00',15),(394,22,0,0,372,'2013-06-29 05:30:00',15),(395,29,0,0,456,'2013-06-30 05:30:00',15),(396,20,20,0,367,'2013-07-01 05:30:00',15),(397,12,20,0,465,'2013-07-02 05:30:00',15),(398,11,20,0,427,'2013-07-03 05:30:00',15),(399,21,0,0,394,'2013-07-04 05:30:00',15),(400,28,20,0,440,'2013-07-05 05:30:00',15),(401,29,20,0,467,'2013-07-06 05:30:00',15),(402,27,0,0,418,'2013-07-07 05:30:00',15),(403,11,0,0,503,'2013-07-08 05:30:00',15),(404,10,20,0,407,'2013-07-09 05:30:00',15),(405,25,0,0,486,'2013-07-10 05:30:00',15),(406,10,0,0,424,'2013-07-11 05:30:00',15),(407,10,0,0,469,'2013-07-12 05:30:00',15),(408,14,20,0,364,'2013-07-13 05:30:00',15),(409,7,0,0,470,'2013-07-14 05:30:00',15),(410,24,20,0,360,'2013-07-15 05:30:00',15),(411,6,20,0,499,'2013-07-16 05:30:00',15),(412,13,0,0,485,'2013-07-17 05:30:00',15),(413,22,0,0,436,'2013-07-18 05:30:00',15),(414,22,20,0,499,'2013-07-19 05:30:00',15),(415,6,0,0,492,'2013-07-20 05:30:00',15),(416,13,0,0,425,'2013-07-21 05:30:00',15),(417,5,20,0,492,'2013-07-22 05:30:00',15),(418,27,20,0,375,'2013-07-23 05:30:00',15),(419,16,20,0,464,'2013-07-24 05:30:00',15),(420,14,0,0,379,'2013-07-25 05:30:00',15),(421,24,0,0,414,'2013-07-26 05:30:00',15),(422,18,20,0,487,'2013-07-27 05:30:00',15),(423,7,0,0,496,'2013-07-28 05:30:00',15),(424,14,0,0,482,'2013-07-29 05:30:00',15),(425,29,0,0,378,'2013-07-30 05:30:00',15),(426,19,0,0,496,'2013-07-31 05:30:00',15),(427,20,0,0,415,'2013-08-01 05:30:00',15),(428,8,20,0,438,'2013-08-02 05:30:00',15),(429,20,0,0,460,'2013-08-03 05:30:00',15),(430,17,20,0,400,'2013-08-04 05:30:00',15),(431,16,0,0,486,'2013-08-05 05:30:00',15),(432,6,0,0,449,'2013-08-06 05:30:00',15),(433,13,20,0,434,'2013-08-07 05:30:00',15),(434,23,20,0,441,'2013-08-08 05:30:00',15),(435,26,20,0,453,'2013-08-09 05:30:00',15),(436,22,0,0,385,'2013-08-10 05:30:00',15),(437,21,20,0,466,'2013-08-11 05:30:00',15),(438,11,20,0,381,'2013-08-12 05:30:00',15),(439,10,20,0,411,'2013-08-13 05:30:00',15),(440,22,20,0,403,'2013-08-14 05:30:00',15),(441,22,20,0,405,'2013-08-15 05:30:00',15),(442,25,20,0,400,'2013-08-16 05:30:00',15),(443,29,20,0,388,'2013-08-17 05:30:00',15),(444,25,0,0,430,'2013-08-18 05:30:00',15),(445,26,20,0,499,'2013-08-19 05:30:00',15),(446,16,20,0,499,'2013-08-20 05:30:00',15),(447,20,0,0,441,'2013-08-21 05:30:00',15),(448,19,0,0,403,'2013-08-22 05:30:00',15),(449,17,20,0,489,'2013-08-23 05:30:00',15),(450,21,0,0,413,'2013-08-24 05:30:00',15),(451,14,0,0,424,'2013-08-25 05:30:00',15),(452,10,20,0,491,'2013-08-26 05:30:00',15),(453,6,0,0,468,'2013-08-27 05:30:00',15),(454,8,0,0,364,'2013-08-28 05:30:00',15),(455,10,20,0,410,'2013-08-29 05:30:00',15),(456,25,20,0,420,'2013-08-30 05:30:00',15),(457,9,20,0,402,'2013-08-31 05:30:00',15),(458,17,0,0,367,'2013-09-01 05:30:00',15),(459,24,0,0,460,'2013-09-02 05:30:00',15),(460,14,20,0,393,'2013-09-03 05:30:00',15),(461,30,20,0,463,'2013-09-04 05:30:00',15),(462,19,20,0,442,'2013-09-05 05:30:00',15),(463,7,20,0,376,'2013-09-06 05:30:00',15),(464,17,0,0,426,'2013-09-07 05:30:00',15),(465,7,20,0,408,'2013-09-08 05:30:00',15),(466,25,20,0,483,'2013-09-09 05:30:00',15),(467,6,20,0,477,'2013-09-10 05:30:00',15),(468,28,0,0,403,'2013-09-11 05:30:00',15),(469,30,0,0,439,'2013-09-12 05:30:00',15),(470,18,20,0,499,'2013-09-13 05:30:00',15),(471,5,20,0,379,'2013-09-14 05:30:00',15),(472,21,0,0,461,'2013-09-15 05:30:00',15),(473,30,0,0,377,'2013-09-16 05:30:00',15),(474,21,0,0,487,'2013-09-17 05:30:00',15),(475,28,20,0,376,'2013-09-18 05:30:00',15),(476,23,20,0,479,'2013-09-19 05:30:00',15),(477,21,20,0,481,'2013-09-20 05:30:00',15),(478,17,20,0,384,'2013-09-21 05:30:00',15),(479,17,20,0,493,'2013-09-22 05:30:00',15),(480,23,0,0,415,'2013-09-23 05:30:00',15),(481,15,0,0,382,'2013-09-24 05:30:00',15),(482,26,20,0,462,'2013-09-25 05:30:00',15),(483,20,0,0,384,'2013-09-26 05:30:00',15),(484,13,20,0,501,'2013-09-27 05:30:00',15),(485,13,20,0,382,'2013-09-28 05:30:00',15),(486,7,20,0,447,'2013-09-29 05:30:00',15),(487,21,20,0,474,'2013-09-30 05:30:00',15),(488,25,0,0,403,'2013-10-01 05:30:00',15),(489,17,20,0,442,'2013-10-02 05:30:00',15),(490,23,0,0,399,'2013-10-03 05:30:00',15),(491,14,0,0,387,'2013-10-04 05:30:00',15),(492,12,0,0,493,'2013-10-05 05:30:00',15),(493,26,0,0,491,'2013-10-06 05:30:00',15),(494,25,0,0,464,'2013-10-07 05:30:00',15),(495,21,20,0,399,'2013-10-08 05:30:00',15),(496,5,0,0,404,'2013-10-09 05:30:00',15),(497,29,20,0,467,'2013-10-10 05:30:00',15),(498,6,0,0,458,'2013-10-11 05:30:00',15),(499,15,0,0,365,'2013-10-12 05:30:00',15),(500,6,20,0,411,'2013-10-13 05:30:00',15),(501,30,20,0,467,'2013-10-14 05:30:00',15),(502,17,0,0,420,'2013-10-15 05:30:00',15),(503,24,20,0,453,'2013-10-16 05:30:00',15),(504,17,0,0,415,'2013-10-17 05:30:00',15),(505,26,20,0,458,'2013-10-18 05:30:00',15),(506,26,0,0,443,'2013-10-19 05:30:00',15),(507,16,20,0,382,'2013-10-20 05:30:00',15),(508,12,0,0,364,'2013-10-21 05:30:00',15),(509,8,0,0,450,'2013-10-22 05:30:00',15),(510,8,20,0,459,'2013-10-23 05:30:00',15),(511,30,0,0,417,'2013-10-24 05:30:00',15),(512,28,20,0,496,'2013-10-25 05:30:00',15),(513,12,0,0,463,'2013-10-26 05:30:00',15),(514,21,20,0,438,'2013-10-27 05:30:00',15),(515,30,20,0,421,'2013-10-28 05:30:00',15),(516,19,0,0,478,'2013-10-29 05:30:00',15),(517,29,20,0,448,'2013-10-30 05:30:00',15),(518,12,0,0,466,'2013-10-31 05:30:00',15),(519,26,20,0,419,'2013-11-01 05:30:00',15),(520,30,20,0,366,'2013-11-02 05:30:00',15),(521,12,20,0,412,'2013-11-03 05:30:00',15),(522,23,0,0,405,'2013-11-04 05:30:00',15),(523,12,0,0,442,'2013-11-05 05:30:00',15),(524,19,20,0,505,'2013-11-06 05:30:00',15),(525,29,0,0,476,'2013-11-07 05:30:00',15),(526,12,20,0,432,'2013-11-08 05:30:00',15),(527,6,20,0,407,'2013-11-09 05:30:00',15),(528,10,20,0,407,'2013-11-10 05:30:00',15),(529,22,0,0,495,'2013-11-11 05:30:00',15),(530,24,20,0,406,'2013-11-12 05:30:00',15),(531,12,0,0,374,'2013-11-13 05:30:00',15),(532,19,0,0,477,'2013-11-14 05:30:00',15),(533,23,0,0,437,'2013-11-15 05:30:00',15),(534,22,20,0,380,'2013-11-16 05:30:00',15),(535,8,20,0,405,'2013-11-17 05:30:00',15),(536,13,20,0,380,'2013-11-18 05:30:00',15),(537,20,20,0,449,'2013-11-19 05:30:00',15),(538,24,20,0,393,'2013-11-20 05:30:00',15),(539,14,20,0,454,'2013-11-21 05:30:00',15),(540,14,0,0,438,'2013-11-22 05:30:00',15),(541,8,20,0,390,'2013-11-23 05:30:00',15),(542,14,20,0,508,'2013-11-24 05:30:00',15),(543,20,20,0,370,'2013-11-25 05:30:00',15),(544,21,0,0,368,'2013-11-26 05:30:00',15),(545,10,20,0,421,'2013-11-27 05:30:00',15),(546,14,0,0,416,'2013-11-28 05:30:00',15),(547,6,0,0,461,'2013-11-29 05:30:00',15),(548,13,0,0,456,'2013-11-30 05:30:00',15),(549,16,20,0,395,'2013-12-01 05:30:00',15),(550,16,0,0,468,'2013-12-02 05:30:00',15),(551,20,20,0,412,'2013-12-03 05:30:00',15),(552,12,20,0,484,'2013-12-04 05:30:00',15),(553,19,0,0,416,'2013-12-05 05:30:00',15),(554,29,0,0,374,'2013-12-06 05:30:00',15),(555,21,0,0,489,'2013-12-07 05:30:00',15),(556,15,20,0,434,'2013-12-08 05:30:00',15),(557,25,20,0,399,'2013-12-09 05:30:00',15),(558,29,20,0,474,'2013-12-10 05:30:00',15),(559,22,0,0,400,'2013-12-11 05:30:00',15),(560,17,0,0,391,'2013-12-12 05:30:00',15),(561,25,20,0,427,'2013-12-13 05:30:00',15),(562,7,0,0,385,'2013-12-14 05:30:00',15),(563,20,0,0,446,'2013-12-15 05:30:00',15),(564,29,0,0,375,'2013-12-16 05:30:00',15),(565,29,20,0,446,'2013-12-17 05:30:00',15),(566,6,20,0,494,'2013-12-18 05:30:00',15),(567,19,0,0,427,'2013-12-19 05:30:00',15),(568,13,0,0,389,'2013-12-20 05:30:00',15),(569,29,0,0,497,'2013-12-21 05:30:00',15),(570,14,0,0,456,'2013-12-22 05:30:00',15),(571,12,0,0,415,'2013-12-23 05:30:00',15),(572,19,20,0,413,'2013-12-24 05:30:00',15),(573,11,20,0,414,'2013-12-25 05:30:00',15),(574,17,20,0,495,'2013-12-26 05:30:00',15),(575,29,0,0,475,'2013-12-27 05:30:00',15),(576,17,20,0,391,'2013-12-28 05:30:00',15),(577,17,20,0,486,'2013-12-29 05:30:00',15),(578,23,0,0,393,'2013-12-30 05:30:00',15),(579,23,0,0,391,'2013-12-31 05:30:00',15),(580,6,20,0,490,'2014-01-01 05:30:00',15),(581,12,20,0,432,'2014-01-02 05:30:00',15),(582,5,0,0,468,'2014-01-03 05:30:00',15),(583,5,0,0,403,'2014-01-04 05:30:00',15),(584,21,20,0,389,'2014-01-05 05:30:00',15),(585,23,20,0,430,'2014-01-06 05:30:00',15),(586,29,20,0,419,'2014-01-07 05:30:00',15),(587,25,20,0,372,'2014-01-08 05:30:00',15),(588,10,0,0,436,'2014-01-09 05:30:00',15),(589,29,20,0,368,'2014-01-10 05:30:00',15),(590,6,20,0,479,'2014-01-11 05:30:00',15),(591,12,20,0,510,'2014-01-12 05:30:00',15),(592,20,0,0,483,'2014-01-13 05:30:00',15),(593,12,20,0,427,'2014-01-14 05:30:00',15),(594,17,0,0,393,'2014-01-15 05:30:00',15),(595,27,0,0,436,'2014-01-16 05:30:00',15),(596,25,20,0,405,'2014-01-17 05:30:00',15),(597,12,20,0,510,'2014-01-18 05:30:00',15),(598,14,0,0,462,'2014-01-19 05:30:00',15),(599,27,20,0,441,'2014-01-20 05:30:00',15),(600,5,20,0,451,'2014-01-21 05:30:00',15),(601,25,0,0,389,'2014-01-22 05:30:00',15),(602,20,0,0,452,'2014-01-23 05:30:00',15),(603,18,0,0,466,'2014-01-24 05:30:00',15),(604,19,20,0,375,'2014-01-25 05:30:00',15),(605,8,20,0,366,'2014-01-26 05:30:00',15),(606,17,0,0,422,'2014-01-27 05:30:00',15),(607,9,20,0,425,'2014-01-28 05:30:00',15),(608,23,0,0,424,'2014-01-29 05:30:00',15),(609,22,20,0,437,'2014-01-30 05:30:00',15),(610,26,0,0,484,'2014-01-31 05:30:00',15),(611,13,20,0,508,'2014-02-01 05:30:00',15),(612,22,20,0,384,'2014-02-02 05:30:00',15),(613,19,0,0,468,'2014-02-03 05:30:00',15),(614,8,0,0,435,'2014-02-04 05:30:00',15),(615,8,20,0,422,'2014-02-05 05:30:00',15),(616,12,20,0,495,'2014-02-06 05:30:00',15),(617,19,20,0,382,'2014-02-07 05:30:00',15),(618,10,0,0,500,'2014-02-08 05:30:00',15),(619,22,0,0,413,'2014-02-09 05:30:00',15),(620,12,0,0,474,'2014-02-10 05:30:00',15),(621,7,20,0,480,'2014-02-11 05:30:00',15),(622,28,0,0,477,'2014-02-12 05:30:00',15),(623,21,20,0,492,'2014-02-13 05:30:00',15),(624,22,20,0,413,'2014-02-14 05:30:00',15),(625,27,0,0,371,'2014-02-15 05:30:00',15),(626,15,0,0,483,'2014-02-16 05:30:00',15),(627,27,20,0,432,'2014-02-17 05:30:00',15),(628,26,20,0,424,'2014-02-18 05:30:00',15),(629,6,0,0,458,'2014-02-19 05:30:00',15),(630,25,20,0,387,'2014-02-20 05:30:00',15),(631,19,0,0,405,'2014-02-21 05:30:00',15),(632,16,20,0,397,'2014-02-22 05:30:00',15),(633,13,0,0,395,'2014-02-23 05:30:00',15),(634,16,20,0,364,'2014-02-24 05:30:00',15),(635,23,0,0,481,'2014-02-25 05:30:00',15),(636,18,20,0,430,'2014-02-26 05:30:00',15),(637,19,0,0,361,'2014-02-27 05:30:00',15),(638,8,0,0,397,'2014-02-28 05:30:00',15),(639,9,20,0,495,'2014-03-01 05:30:00',15),(640,21,20,0,405,'2014-03-02 05:30:00',15),(641,17,0,0,439,'2014-03-03 05:30:00',15),(642,7,0,0,457,'2014-03-04 05:30:00',15),(643,25,20,0,480,'2014-03-05 05:30:00',15),(644,30,0,0,411,'2014-03-06 05:30:00',15),(645,26,0,0,510,'2014-03-07 05:30:00',15),(646,28,0,0,443,'2014-03-08 05:30:00',15),(647,7,20,0,396,'2014-03-09 05:30:00',15),(648,11,0,0,475,'2014-03-10 05:30:00',15),(649,18,0,0,503,'2014-03-11 05:30:00',15),(650,21,20,0,368,'2014-03-12 05:30:00',15),(651,8,20,0,400,'2014-03-13 05:30:00',15),(652,9,0,0,509,'2014-03-14 05:30:00',15),(653,14,0,0,471,'2014-03-15 05:30:00',15),(654,14,20,0,360,'2014-03-16 05:30:00',15),(655,13,0,0,404,'2014-03-17 05:30:00',15),(656,10,20,0,442,'2014-03-18 05:30:00',15),(657,29,20,0,458,'2014-03-19 05:30:00',15),(658,25,0,0,453,'2014-03-20 05:30:00',15),(659,17,20,0,424,'2014-03-21 05:30:00',15),(660,18,0,0,427,'2014-03-22 05:30:00',15),(661,19,0,0,492,'2014-03-23 05:30:00',15),(662,23,0,0,507,'2014-03-24 05:30:00',15),(663,12,20,0,386,'2014-03-25 05:30:00',15),(664,17,0,0,410,'2014-03-26 05:30:00',15),(665,6,20,0,486,'2014-03-27 05:30:00',15),(666,20,0,0,487,'2014-03-28 05:30:00',15),(667,12,0,0,451,'2014-03-29 05:30:00',15),(668,30,20,0,490,'2014-03-30 05:30:00',15),(669,27,20,0,417,'2014-03-31 05:30:00',15),(670,30,0,0,450,'2014-04-01 05:30:00',15),(671,29,20,0,484,'2014-04-02 05:30:00',15),(672,6,0,0,378,'2014-04-03 05:30:00',15),(673,20,0,0,492,'2014-04-04 05:30:00',15),(674,8,0,0,473,'2014-04-05 05:30:00',15),(675,24,0,0,433,'2014-04-06 05:30:00',15),(676,23,20,0,502,'2014-04-07 05:30:00',15),(677,5,0,0,430,'2014-04-08 05:30:00',15),(678,24,0,0,378,'2014-04-09 05:30:00',15),(679,26,20,0,443,'2014-04-10 05:30:00',15),(680,19,0,0,464,'2014-04-11 05:30:00',15),(681,27,20,0,428,'2014-04-12 05:30:00',15),(682,17,0,0,500,'2014-04-13 05:30:00',15),(683,17,0,0,510,'2014-04-14 05:30:00',15),(684,24,0,0,451,'2014-04-15 05:30:00',15),(685,30,0,0,375,'2014-04-16 05:30:00',15),(686,25,20,0,505,'2014-04-17 05:30:00',15),(687,28,20,0,501,'2014-04-18 05:30:00',15),(688,22,0,0,445,'2014-04-19 05:30:00',15),(689,22,20,0,396,'2014-04-20 05:30:00',15),(690,17,0,0,502,'2014-04-21 05:30:00',15),(691,16,0,0,378,'2014-04-22 05:30:00',15),(692,25,20,0,389,'2014-04-23 05:30:00',15),(693,14,20,0,436,'2014-04-24 05:30:00',15),(694,5,0,0,427,'2014-04-25 05:30:00',15),(695,12,0,0,417,'2014-04-26 05:30:00',15),(696,14,20,0,452,'2014-04-27 05:30:00',15),(697,25,20,0,481,'2014-04-28 05:30:00',15),(698,12,20,0,387,'2014-04-29 05:30:00',15),(699,21,20,0,497,'2014-04-30 05:30:00',15),(700,26,0,0,499,'2014-05-01 05:30:00',15),(701,28,20,0,418,'2014-05-02 05:30:00',15),(702,10,20,0,421,'2014-05-03 05:30:00',15),(703,21,20,0,362,'2014-05-04 05:30:00',15),(704,15,20,0,414,'2014-05-05 05:30:00',15),(705,30,0,0,503,'2014-05-06 05:30:00',15),(706,15,20,0,387,'2014-05-07 05:30:00',15),(707,22,20,0,425,'2014-05-08 05:30:00',15),(708,7,20,0,422,'2014-05-09 05:30:00',15),(709,7,0,0,476,'2014-05-10 05:30:00',15),(710,19,20,0,449,'2014-05-11 05:30:00',15),(711,10,20,0,402,'2014-05-12 05:30:00',15),(712,30,0,0,450,'2014-05-13 05:30:00',15),(713,23,0,0,363,'2014-05-14 05:30:00',15),(714,8,20,0,394,'2014-05-15 05:30:00',15),(715,9,20,0,412,'2014-05-16 05:30:00',15),(716,29,0,0,474,'2014-05-17 05:30:00',15),(717,26,20,0,494,'2014-05-18 05:30:00',15),(718,6,20,0,429,'2014-05-19 05:30:00',15),(719,21,20,0,473,'2014-05-20 05:30:00',15),(720,23,0,0,484,'2014-05-21 05:30:00',15),(721,10,0,0,464,'2014-05-22 05:30:00',15),(722,10,0,0,403,'2014-05-23 05:30:00',15),(723,7,0,0,409,'2014-05-24 05:30:00',15),(724,18,20,0,457,'2014-05-25 05:30:00',15),(725,13,0,0,409,'2014-05-26 05:30:00',15),(726,28,0,0,376,'2014-05-27 05:30:00',15),(727,7,20,0,432,'2014-05-28 05:30:00',15),(728,9,0,0,505,'2014-05-29 05:30:00',15),(729,22,20,0,390,'2014-05-30 05:30:00',15),(730,7,0,0,415,'2014-05-31 05:30:00',15),(731,23,0,0,387,'2014-06-01 05:30:00',15),(732,16,20,0,500,'2014-06-02 05:30:00',15),(733,11,20,0,398,'2014-06-03 05:30:00',15),(734,29,0,0,490,'2014-06-04 05:30:00',15),(735,24,0,0,506,'2014-06-05 05:30:00',15),(736,21,20,0,428,'2014-06-06 05:30:00',15),(737,30,20,0,499,'2014-06-07 05:30:00',15),(738,25,20,0,409,'2014-06-08 05:30:00',15),(739,7,0,0,379,'2014-06-09 05:30:00',15),(740,21,20,0,364,'2014-06-10 05:30:00',15),(741,24,20,0,397,'2014-06-11 05:30:00',15),(742,15,20,0,473,'2014-06-12 05:30:00',15),(743,25,0,0,441,'2014-06-13 05:30:00',15),(744,28,20,0,453,'2014-06-14 05:30:00',15),(745,22,0,0,405,'2014-06-15 05:30:00',15),(746,25,20,0,400,'2014-06-16 05:30:00',15),(747,21,20,0,480,'2014-06-17 05:30:00',15),(748,19,0,0,510,'2014-06-18 05:30:00',15),(749,25,0,0,431,'2014-06-19 05:30:00',15),(750,17,0,0,425,'2014-06-20 05:30:00',15),(751,20,20,0,489,'2014-06-21 05:30:00',15),(752,5,0,0,438,'2014-06-22 05:30:00',15),(753,12,0,0,376,'2014-06-23 05:30:00',15),(754,22,0,0,361,'2014-06-24 05:30:00',15),(755,8,20,0,445,'2014-06-25 05:30:00',15),(756,29,20,0,399,'2014-06-26 05:30:00',15),(757,19,20,0,472,'2014-06-27 05:30:00',15),(758,8,20,0,478,'2014-06-28 05:30:00',15),(759,9,0,0,441,'2014-06-29 05:30:00',15),(760,11,0,0,467,'2014-06-30 05:30:00',15),(761,17,0,0,487,'2014-07-01 05:30:00',15),(762,22,20,0,508,'2014-07-02 05:30:00',15),(763,22,20,0,437,'2014-07-03 05:30:00',15),(764,22,0,0,413,'2014-07-04 05:30:00',15),(765,24,20,0,366,'2014-07-05 05:30:00',15),(766,27,20,0,421,'2014-07-06 05:30:00',15),(767,13,20,0,467,'2014-07-07 05:30:00',15),(768,21,0,0,500,'2014-07-08 05:30:00',15),(769,7,20,0,374,'2014-07-09 05:30:00',15),(770,18,0,0,503,'2014-07-10 05:30:00',15),(771,12,20,0,496,'2014-07-11 05:30:00',15),(772,28,20,0,438,'2014-07-12 05:30:00',15),(773,25,0,0,505,'2014-07-13 05:30:00',15),(774,24,20,0,426,'2014-07-14 05:30:00',15),(775,26,0,0,459,'2014-07-15 05:30:00',15),(776,14,0,0,389,'2014-07-16 05:30:00',15),(777,17,20,0,427,'2014-07-17 05:30:00',15),(778,13,20,0,471,'2014-07-18 05:30:00',15),(779,28,0,0,407,'2014-07-19 05:30:00',15),(780,9,0,0,385,'2014-07-20 05:30:00',15),(781,23,20,0,462,'2014-07-21 05:30:00',15),(782,12,0,0,476,'2014-07-22 05:30:00',15),(783,20,0,0,384,'2014-07-23 05:30:00',15),(784,5,20,0,372,'2014-07-24 05:30:00',15),(785,18,0,0,486,'2014-07-25 05:30:00',15),(786,11,20,0,435,'2014-07-26 05:30:00',15),(787,17,0,0,457,'2014-07-27 05:30:00',15),(788,24,0,0,448,'2014-07-28 05:30:00',15),(789,14,20,0,501,'2014-07-29 05:30:00',15),(790,16,0,0,401,'2014-07-30 05:30:00',15),(791,19,0,0,479,'2014-07-31 05:30:00',15),(792,30,0,0,428,'2014-08-01 05:30:00',15),(793,6,0,0,502,'2014-08-02 05:30:00',15),(794,28,20,0,506,'2014-08-03 05:30:00',15),(795,7,0,0,380,'2014-08-04 05:30:00',15),(796,30,0,0,369,'2014-08-05 05:30:00',15),(797,13,20,0,475,'2014-08-06 05:30:00',15),(798,11,20,0,380,'2014-08-07 05:30:00',15),(799,8,20,0,362,'2014-08-08 05:30:00',15),(800,7,0,0,488,'2014-08-09 05:30:00',15),(801,6,0,0,403,'2014-08-10 05:30:00',15),(802,6,0,0,500,'2014-08-11 05:30:00',15),(803,14,0,0,496,'2014-08-12 05:30:00',15),(804,14,20,0,425,'2014-08-13 05:30:00',15),(805,6,0,0,447,'2014-08-14 05:30:00',15),(806,19,0,0,379,'2014-08-15 05:30:00',15),(807,14,20,0,390,'2014-08-16 05:30:00',15),(808,18,0,0,413,'2014-08-17 05:30:00',15),(809,14,20,0,361,'2014-08-18 05:30:00',15),(810,26,20,0,499,'2014-08-19 05:30:00',15),(811,18,20,0,396,'2014-08-20 05:30:00',15),(812,6,0,0,360,'2014-08-21 05:30:00',15),(813,28,0,0,431,'2014-08-22 05:30:00',15),(814,26,20,0,504,'2014-08-23 05:30:00',15),(815,19,20,0,475,'2014-08-24 05:30:00',15),(816,11,20,0,413,'2014-08-25 05:30:00',15),(817,19,20,0,510,'2014-08-26 05:30:00',15),(818,19,0,0,422,'2014-08-27 05:30:00',15),(819,25,20,0,466,'2014-08-28 05:30:00',15),(820,19,0,0,372,'2014-08-29 05:30:00',15),(821,11,0,0,404,'2014-08-30 05:30:00',15),(822,9,20,0,474,'2014-08-31 05:30:00',15),(823,10,0,0,482,'2014-09-01 05:30:00',15),(824,8,0,0,426,'2014-09-02 05:30:00',15),(825,9,0,0,374,'2014-09-03 05:30:00',15),(826,30,20,0,458,'2014-09-04 05:30:00',15),(827,17,20,0,402,'2014-09-05 05:30:00',15),(828,6,20,0,471,'2014-09-06 05:30:00',15),(829,10,20,0,428,'2014-09-07 05:30:00',15),(830,11,0,0,420,'2014-09-08 05:30:00',15),(831,13,20,0,473,'2014-09-09 05:30:00',15),(832,10,20,0,446,'2014-09-10 05:30:00',15),(833,30,0,0,377,'2014-09-11 05:30:00',15),(834,10,20,0,494,'2014-09-12 05:30:00',15),(835,26,20,0,385,'2014-09-13 05:30:00',15),(836,7,20,0,369,'2014-09-14 05:30:00',15),(837,26,0,0,389,'2014-09-15 05:30:00',15),(838,21,20,0,472,'2014-09-16 05:30:00',15),(839,27,0,0,374,'2014-09-17 05:30:00',15),(840,25,20,0,510,'2014-09-18 05:30:00',15),(841,24,0,0,460,'2014-09-19 05:30:00',15),(842,22,20,0,413,'2014-09-20 05:30:00',15),(843,7,20,0,507,'2014-09-21 05:30:00',15),(844,29,20,0,496,'2014-09-22 05:30:00',15),(845,20,0,0,401,'2014-09-23 05:30:00',15),(846,12,20,0,455,'2014-09-24 05:30:00',15),(847,11,20,0,383,'2014-09-25 05:30:00',15),(848,17,0,0,459,'2014-09-26 05:30:00',15),(849,7,20,0,406,'2014-09-27 05:30:00',15),(850,7,20,0,389,'2014-09-28 05:30:00',15),(851,17,20,0,376,'2014-09-29 05:30:00',15),(852,24,0,0,370,'2014-09-30 05:30:00',15),(853,28,20,0,399,'2014-10-01 05:30:00',15),(854,25,0,0,469,'2014-10-02 05:30:00',15),(855,22,20,0,407,'2014-10-03 05:30:00',15),(856,8,20,0,440,'2014-10-04 05:30:00',15),(857,13,20,0,423,'2014-10-05 05:30:00',15),(858,25,0,0,499,'2014-10-06 05:30:00',15),(859,22,20,0,441,'2014-10-07 05:30:00',15),(860,19,0,0,375,'2014-10-08 05:30:00',15),(861,11,0,0,424,'2014-10-09 05:30:00',15),(862,26,0,0,366,'2014-10-10 05:30:00',15),(863,6,0,0,460,'2014-10-11 05:30:00',15),(864,29,0,0,484,'2014-10-12 05:30:00',15),(865,26,20,0,410,'2014-10-13 05:30:00',15),(866,20,20,0,422,'2014-10-14 05:30:00',15),(867,10,20,0,490,'2014-10-15 05:30:00',15),(868,21,20,0,397,'2014-10-16 05:30:00',15),(869,20,20,0,489,'2014-10-17 05:30:00',15),(870,23,0,0,452,'2014-10-18 05:30:00',15),(871,15,0,0,481,'2014-10-19 05:30:00',15),(872,17,20,0,406,'2014-10-20 05:30:00',15),(873,19,20,0,447,'2014-10-21 05:30:00',15),(874,22,0,0,371,'2014-10-22 05:30:00',15),(875,7,0,0,449,'2014-10-23 05:30:00',15),(876,26,0,0,417,'2014-10-24 05:30:00',15),(877,29,20,0,497,'2014-10-25 05:30:00',15),(878,11,20,0,364,'2014-10-26 05:30:00',15),(879,29,20,0,389,'2014-10-27 05:30:00',15),(880,8,20,0,465,'2014-10-28 05:30:00',15),(881,7,20,0,457,'2014-10-29 05:30:00',15),(882,16,20,0,502,'2014-10-30 05:30:00',15),(883,27,0,0,484,'2014-10-31 05:30:00',15),(884,11,20,0,494,'2014-11-01 05:30:00',15),(885,26,0,0,422,'2014-11-02 05:30:00',15),(886,29,20,0,462,'2014-11-03 05:30:00',15),(887,5,20,0,420,'2014-11-04 05:30:00',15),(888,16,20,0,477,'2014-11-05 05:30:00',15),(889,25,20,0,496,'2014-11-06 05:30:00',15),(890,22,20,0,402,'2014-11-07 05:30:00',15),(891,30,0,0,444,'2014-11-08 05:30:00',15),(892,15,0,0,371,'2014-11-09 05:30:00',15),(893,16,0,0,452,'2014-11-10 05:30:00',15),(894,9,0,0,488,'2014-11-11 05:30:00',15),(895,6,0,0,416,'2014-11-12 05:30:00',15),(896,27,20,0,377,'2014-11-13 05:30:00',15),(897,7,0,0,372,'2014-11-14 05:30:00',15),(898,20,20,0,392,'2014-11-15 05:30:00',15),(899,24,20,0,463,'2014-11-16 05:30:00',15),(900,20,20,0,461,'2014-11-17 05:30:00',15),(901,18,20,0,372,'2014-11-18 05:30:00',15),(902,14,0,0,433,'2014-11-19 05:30:00',15),(903,28,0,0,422,'2014-11-20 05:30:00',15),(904,17,0,0,386,'2014-11-21 05:30:00',15),(905,10,0,0,433,'2014-11-22 05:30:00',15),(906,26,20,0,412,'2014-11-23 05:30:00',15),(907,6,20,0,429,'2014-11-24 05:30:00',15),(908,26,20,0,473,'2014-11-25 05:30:00',15),(909,5,20,0,371,'2014-11-26 05:30:00',15),(910,21,0,0,399,'2014-11-27 05:30:00',15),(911,10,0,0,508,'2014-11-28 05:30:00',15),(912,6,0,0,384,'2014-11-29 05:30:00',15),(913,23,0,0,476,'2014-11-30 05:30:00',15),(914,26,20,0,435,'2014-12-01 05:30:00',15),(915,25,20,0,448,'2014-12-02 05:30:00',15),(916,17,0,0,412,'2014-12-03 05:30:00',15),(917,18,0,0,363,'2014-12-04 05:30:00',15),(918,24,0,0,400,'2014-12-05 05:30:00',15),(919,15,0,0,417,'2014-12-06 05:30:00',15),(920,19,0,0,433,'2014-12-07 05:30:00',15),(921,28,20,0,365,'2014-12-08 05:30:00',15),(922,26,20,0,491,'2014-12-09 05:30:00',15),(923,10,0,0,378,'2014-12-10 05:30:00',15),(924,22,0,0,503,'2014-12-11 05:30:00',15),(925,9,20,0,366,'2014-12-12 05:30:00',15),(926,9,20,0,419,'2014-12-13 05:30:00',15),(927,24,0,0,456,'2014-12-14 05:30:00',15),(928,13,0,0,427,'2014-12-15 05:30:00',15),(929,26,0,0,391,'2014-12-16 05:30:00',15),(930,29,20,0,496,'2014-12-17 05:30:00',15),(931,5,20,0,431,'2014-12-18 05:30:00',15),(932,15,20,0,368,'2014-12-19 05:30:00',15),(933,13,20,0,380,'2014-12-20 05:30:00',15),(934,8,0,0,478,'2014-12-21 05:30:00',15),(935,13,20,0,504,'2014-12-22 05:30:00',15),(936,18,0,0,470,'2014-12-23 05:30:00',15),(937,22,0,0,452,'2014-12-24 05:30:00',15),(938,22,0,0,499,'2014-12-25 05:30:00',15),(939,18,20,0,452,'2014-12-26 05:30:00',15),(940,19,20,0,439,'2014-12-27 05:30:00',15),(941,28,0,0,429,'2014-12-28 05:30:00',15),(942,13,0,0,438,'2014-12-29 05:30:00',15),(943,28,0,0,403,'2014-12-30 05:30:00',15),(944,11,0,0,408,'2014-12-31 05:30:00',15),(945,16,20,0,491,'2015-01-01 05:30:00',15),(946,8,20,0,468,'2015-01-02 05:30:00',15),(947,13,20,0,461,'2015-01-03 05:30:00',15),(948,12,0,0,392,'2015-01-04 05:30:00',15);
/*!40000 ALTER TABLE `sleep` ENABLE KEYS */;
UNLOCK TABLES;

--
-- Table structure for table `user_role`
--

DROP TABLE IF EXISTS `user_role`;
/*!40101 SET @saved_cs_client     = @@character_set_client */;
/*!40101 SET character_set_client = utf8 */;
CREATE TABLE `user_role` (
  `user_id` bigint(20) NOT NULL,
  `role_id` bigint(20) NOT NULL,
  PRIMARY KEY (`user_id`,`role_id`),
  KEY `FK_it77eq964jhfqtu54081ebtio` (`role_id`),
  KEY `FK_apcc8lxk2xnug8377fatvbn04` (`user_id`),
  CONSTRAINT `FK_apcc8lxk2xnug8377fatvbn04` FOREIGN KEY (`user_id`) REFERENCES `users` (`id`),
  CONSTRAINT `FK_it77eq964jhfqtu54081ebtio` FOREIGN KEY (`role_id`) REFERENCES `roles` (`id`)
) ENGINE=InnoDB DEFAULT CHARSET=latin1;
/*!40101 SET character_set_client = @saved_cs_client */;

--
-- Dumping data for table `user_role`
--

LOCK TABLES `user_role` WRITE;
/*!40000 ALTER TABLE `user_role` DISABLE KEYS */;
INSERT INTO `user_role` VALUES (10,1),(11,1),(15,1),(16,1),(17,1),(18,1),(19,1),(20,1),(21,1),(22,1),(23,1),(24,1),(25,1),(26,1),(27,1),(28,1),(29,1),(30,1),(31,1),(32,1),(33,1),(34,1),(35,1),(36,1),(37,1),(38,1),(39,1),(40,1),(41,1),(42,1),(43,1),(44,1),(45,1),(46,1),(47,1),(48,1),(49,1),(50,1),(51,1),(52,1),(53,1),(54,1),(55,1),(56,1),(57,1),(58,1),(59,1),(60,1),(61,1),(62,1),(63,1),(64,1),(65,1),(66,1),(67,1),(68,1),(69,1),(70,1),(71,1),(72,1),(73,1),(74,1),(75,1),(76,1),(77,1),(78,1),(79,1),(80,1),(81,1),(82,1),(83,1),(84,1),(85,1),(86,1),(87,1),(88,1),(89,1),(90,1),(91,1),(92,1),(93,1),(94,1),(95,1),(96,1),(97,1),(98,1),(99,1),(100,1),(101,1),(102,1),(103,1),(104,1),(105,1),(106,1),(107,1),(108,1),(109,1),(110,1),(111,1),(112,1),(113,1),(114,1),(115,1),(11,2);
/*!40000 ALTER TABLE `user_role` ENABLE KEYS */;
UNLOCK TABLES;

--
-- Table structure for table `users`
--

DROP TABLE IF EXISTS `users`;
/*!40101 SET @saved_cs_client     = @@character_set_client */;
/*!40101 SET character_set_client = utf8 */;
CREATE TABLE `users` (
  `id` bigint(20) NOT NULL AUTO_INCREMENT,
  `display_name` varchar(255) NOT NULL,
  `enabled` tinyint(1) NOT NULL,
  `password` varchar(255) NOT NULL,
  `registration` datetime DEFAULT NULL,
  `username` varchar(255) NOT NULL,
  PRIMARY KEY (`id`),
  UNIQUE KEY `UK_r43af9ap4edm43mmtq01oddj6` (`username`)
) ENGINE=InnoDB AUTO_INCREMENT=116 DEFAULT CHARSET=latin1;
/*!40101 SET character_set_client = @saved_cs_client */;

--
-- Dumping data for table `users`
--

LOCK TABLES `users` WRITE;
/*!40000 ALTER TABLE `users` DISABLE KEYS */;
INSERT INTO `users` VALUES (10,'user',1,'$2a$10$4xVhHB2ZcBsxe81RByGLV.WAjOQ6isMVEPm9JhqdtWzeQuKgQgJCy','2014-04-17 19:38:24','user@app.com'),(11,'admin',1,'$2a$10$ZgEuGnoIOoR.TUgIuCz2iuYZz4Umb4Xs6JwPYN7ITbatu/I.W0442','2014-04-17 19:38:39','admin@app.com'),(15,'user0',1,'$2a$10$/cJsEjwcFGsCJy9.R/9rwuPQxNBsKPH6T9MMSVvJqady4o9HUK8iq','2014-12-11 16:11:42','user0@app.com'),(16,'user1',1,'$2a$10$J8K1PJbbGsMxOweHAiUwzucCxu4VcOADYgVQjAJx.6kKM7Uv5oTWK','2014-12-11 16:11:43','user1@app.com'),(17,'user2',1,'$2a$10$dbzrY2b5UxMFqu3lPboTDOAJ/4ZWyEK.t0TDyju7oYKai2oFr9CVe','2014-12-11 16:11:43','user2@app.com'),(18,'user3',1,'$2a$10$erkWJPR4K50OMZr.zkcLru/m7P7QQhzb214dWCv0/vWJ2Y4W1xXtS','2014-12-11 16:11:43','user3@app.com'),(19,'user4',1,'$2a$10$vdFKrHcG9/Hb9dql/dhrsuHrpWl3udTmC/ynLQ8KL4ZVHRJ/vWIwC','2014-12-11 16:11:43','user4@app.com'),(20,'user5',1,'$2a$10$hWRhYuIqrIEgGGcgb7rulOvlFwwZZ.h14Sr6Nj44KFzOSeaI8BQ5O','2014-12-11 16:11:43','user5@app.com'),(21,'user6',1,'$2a$10$mMWRvuX32dINM/3qGp1BG.VANo9F.h.kfZmRHeg6QJNPejcm29Kum','2014-12-11 16:11:43','user6@app.com'),(22,'user7',1,'$2a$10$2OiaBRsZL8U1sfgFQsxBfO4RGM.x.GaHAVe.nOY3Omfwdd6.Fy2Na','2014-12-11 16:11:43','user7@app.com'),(23,'user8',1,'$2a$10$kC.UpabYUDSXOdp9HtNY6ey2M0AFvAwWdLu/WP7D.aBjEEAoD5/bO','2014-12-11 16:11:43','user8@app.com'),(24,'user9',1,'$2a$10$RwrN3NiKmCNkKffHo3dm3e2A6GtOZzZ.LI.mRkbu0h0kNXXx2SfHq','2014-12-11 16:11:43','user9@app.com'),(25,'user10',1,'$2a$10$dC0pavQEugUroVrGeEyAn.1nF3aq6GhWEJV791wz9KmimQgCN8GEe','2014-12-11 16:11:43','user10@app.com'),(26,'user11',1,'$2a$10$yj6r5k2xvKTxwTV70Xp6s.kaXZk42IbpPf3/HJNgZ3yKToEtGbmGa','2014-12-11 16:11:43','user11@app.com'),(27,'user12',1,'$2a$10$xq5qDk/9K0frlQ1i4qxgFO0md2Jd7ezyDBGJDmDOt7yaxO.kgIvJG','2014-12-11 16:11:44','user12@app.com'),(28,'user13',1,'$2a$10$cmPqzy.ngfJjIsRzmCIjvOOGiP09WxjTo1kjsvJyXZbuNxtLDjvmC','2014-12-11 16:11:44','user13@app.com'),(29,'user14',1,'$2a$10$YiJw/nC/qfbxAm1VpNmUM.c1YPcir94ezSyS2qugDUefVoPCAI0p6','2014-12-11 16:11:44','user14@app.com'),(30,'user15',1,'$2a$10$M14/asxrK1lnNjdA4QT4XedQrqzWucOVlXil33B7YHj01Sc.hqlLq','2014-12-11 16:11:44','user15@app.com'),(31,'user16',1,'$2a$10$HoxMEob8zj2hzUXYik.yAu7A9rHYIdfUqI26RYl7wchgUHTofE/SW','2014-12-11 16:11:44','user16@app.com'),(32,'user17',1,'$2a$10$dzg/.WCoFAaDQMDhaAQnPuwPk.ifbfZV/z8a51/7iWKALIb9FE/Nq','2014-12-11 16:11:44','user17@app.com'),(33,'user18',1,'$2a$10$aspQeFkxTBRixqWfC6pjhO0d9uae1qCKtZfPogHRWLKqnnQpxaWDq','2014-12-11 16:11:44','user18@app.com'),(34,'user19',1,'$2a$10$wm2cNA4hJbtSIt7iTwf6sOjHkLyCkyCnomTvf291i54l1qfFPA/Ka','2014-12-11 16:11:44','user19@app.com'),(35,'user20',1,'$2a$10$OqgVBBxlxSJEuSq/b7n7D.MHzKfJS4oKJIIeCoD23QUiJOnMcoh2y','2014-12-11 16:11:44','user20@app.com'),(36,'user21',1,'$2a$10$9F9xM4E5GaqZk4Wj4b7/Y.Ab3Rk/Wv34qNONEjDcApjR3y6/5QlO.','2014-12-11 16:11:44','user21@app.com'),(37,'user22',1,'$2a$10$BRMJciBd8klGVtg5isITOOo0Cw1EBk/1PRuyJCtO2REMGwZJ679ra','2014-12-11 16:11:44','user22@app.com'),(38,'user23',1,'$2a$10$ogfv/YcjqS1pccX.pGrzL.oUcdiYTP3aOqp6tQ3yrqdrBaZAkMbfK','2014-12-11 16:11:45','user23@app.com'),(39,'user24',1,'$2a$10$5APLE0e8aUP6d4Nmnt6xte831LUsm2DJIXzZBec2Qd3YMGDdBD/kW','2014-12-11 16:11:45','user24@app.com'),(40,'user25',1,'$2a$10$bPwIylwdg8CHIWgiBr6O3OKkI2U8qtze3ButTL2GIC5G98ZNrR1lC','2014-12-11 16:11:45','user25@app.com'),(41,'user26',1,'$2a$10$6111KfBKahTFZepK19eEbOthoFRzYy8wPYcCkbz0EQh.rDI75xmJO','2014-12-11 16:11:45','user26@app.com'),(42,'user27',1,'$2a$10$Yrua/zsDmc5WC4mtG0hGFuDpGE2lADDGwM.ILqm21jIrgbmJd5P2.','2014-12-11 16:11:45','user27@app.com'),(43,'user28',1,'$2a$10$mKn8VCg03B4MS58MojizUOkkSXIyBkTrYqnX41wZHJ0XlBSE/ZI1a','2014-12-11 16:11:45','user28@app.com'),(44,'user29',1,'$2a$10$UmANFSXegFrbS3zo6zHdV.zubJVjO/tZwotc6gUCRUwgxAKz9T23O','2014-12-11 16:11:45','user29@app.com'),(45,'user30',1,'$2a$10$cIqeS8xjVWMA0w739xOlVOFD0.RgXGfwH7siwqMwVAkcp2uyWZv.a','2014-12-11 16:11:45','user30@app.com'),(46,'user31',1,'$2a$10$Z8AmH3.icddqBYw/Xw9W9.TjTchXpzJdUBp/H.sM/PkPJ5.sDSHI6','2014-12-11 16:11:45','user31@app.com'),(47,'user32',1,'$2a$10$DMLmH3.xTgIkIdWNSiAksuvIGu41zH0Mb1OMQwKdJsRC1HPKlBxfO','2014-12-11 16:11:45','user32@app.com'),(48,'user33',1,'$2a$10$XCrjfAhHCnOCmEEdBH8J/.41N8qEVgmDJ5FkDwoFwvYm.Ri5hf0/q','2014-12-11 16:11:45','user33@app.com'),(49,'user34',1,'$2a$10$r5805WboGTrvyUcYh3JdSOWgPW/evSOB7Ga41e7yJQi6H0hmMKjYm','2014-12-11 16:11:46','user34@app.com'),(50,'user35',1,'$2a$10$9ysMxY6zn1dT5jsHuECAbOGyix/MltRzCNc/mSJzc4keOKgW6z8sq','2014-12-11 16:11:46','user35@app.com'),(51,'user36',1,'$2a$10$rk/rU6hYIFWaGzBu1JVWNOiRfhvVnqLKjuuFZD7MD4OBPr3zSeY2i','2014-12-11 16:11:46','user36@app.com'),(52,'user37',1,'$2a$10$ywB0nFlLd2uiUKg67Y3ZH.wQd6S/CIz1B5zSOlpWptVOoR/TKbH2e','2014-12-11 16:11:46','user37@app.com'),(53,'user38',1,'$2a$10$TmwqvHW9Zywxgdjn/sVcoOuHMekC0861oWRKtq2j4whAQxg42VFO.','2014-12-11 16:11:46','user38@app.com'),(54,'user39',1,'$2a$10$J/ledEq86HHGSurfV7nTr.yDX/5.Fi/BNucGycEOMFzVBNTRzN7s6','2014-12-11 16:11:46','user39@app.com'),(55,'user40',1,'$2a$10$iECT0TIkbeJ/.rg8ZeK/0up7WK7uGW7jEDGuDQhAY6.t0WqVkKfUC','2014-12-11 16:11:46','user40@app.com'),(56,'user41',1,'$2a$10$4lsTz/G5j84C6Y2VNcjcr.JG2ISJXR/qDEWT9NLFXCuCCNIqWARU6','2014-12-11 16:11:46','user41@app.com'),(57,'user42',1,'$2a$10$TjkLjlcgnMjoAxxl2RV/I.uk3mdj7ftFUbTi4BrHrdwYqgggW5vyG','2014-12-11 16:11:46','user42@app.com'),(58,'user43',1,'$2a$10$4txo74zmmtAplwntsgkRBeC4UL3eyv4lpa4BjgD8YJ8x5fY1KBwRS','2014-12-11 16:11:46','user43@app.com'),(59,'user44',1,'$2a$10$SlpdBc2pLqFc3O1Q2Rb1hu8gXyPwNNAkp45tihm2nV766cGT6F94G','2014-12-11 16:11:46','user44@app.com'),(60,'user45',1,'$2a$10$/hSgACqICN.ADJYlKOjNwueJjjnBtH52aFQO5XSjw/.hbf6usjjbW','2014-12-11 16:11:47','user45@app.com'),(61,'user46',1,'$2a$10$J6Ap72PH9iEOkvBFKU4eVuaMLsjq7A4zZg/yIZJis85CXkk07ljli','2014-12-11 16:11:47','user46@app.com'),(62,'user47',1,'$2a$10$JMtF6LkCxS2CRHJ8./5JOuE4oDyjuDw2qJCw2qZCZF281QbZyWqWm','2014-12-11 16:11:47','user47@app.com'),(63,'user48',1,'$2a$10$M7LVQirvkJP9N.sIjCWZzuNxdPS20EFg7p2Liht3U2k/XP6VyAFU2','2014-12-11 16:11:47','user48@app.com'),(64,'user49',1,'$2a$10$1qPAUSVaECz6u.zvrQhSN.mPSbKZxInXx.QN3a10ns0LFI7684GAq','2014-12-11 16:11:47','user49@app.com'),(65,'user50',1,'$2a$10$Di2IxieL1ZZDj603YCyn5u8ZF/ZK.ncAwRkFc0G/dog7P.eLif.wu','2014-12-11 16:11:47','user50@app.com'),(66,'user51',1,'$2a$10$yUBaeq.ai8QIUxDGbR3xLuCt6unZ0vSWBFtkPnfIUpZVDE5ntHb1i','2014-12-11 16:11:47','user51@app.com'),(67,'user52',1,'$2a$10$WEHjtedsJIbO1oEo2/SLtOdoqMJHzJUiQcfXTlG7iYOZXgzns4twa','2014-12-11 16:11:47','user52@app.com'),(68,'user53',1,'$2a$10$5/tk/5nCk5bYhlNKX31Bb.x8IShnDZAfjWGtkiqJRfVEYk4sRRDAa','2014-12-11 16:11:47','user53@app.com'),(69,'user54',1,'$2a$10$qkGWj.Rjq9xd8QtKKhTYNua8SXCT.BPNQi2Uc6jA1m/clYM2VVVti','2014-12-11 16:11:47','user54@app.com'),(70,'user55',1,'$2a$10$2ZRoGPkrJdLcXRBq6uYzpOe7E4QBxxs9NbeflBZ5VNW2TrrqoP4DC','2014-12-11 16:11:47','user55@app.com'),(71,'user56',1,'$2a$10$0Yxt76RFfz.c.cOqHjXwiOfePc2mj5xgatqwTlHrpemKwk0IspAJO','2014-12-11 16:11:47','user56@app.com'),(72,'user57',1,'$2a$10$uZ40V6/iHG4czaT78zflXu7X8PREDNQHTCqVZMfBju9Vnzj6xdFM2','2014-12-11 16:11:48','user57@app.com'),(73,'user58',1,'$2a$10$6tIb9zd2nEWXmLqFev/HJOji82Bjrtp643VplUMfBXLFTVo6jIhbS','2014-12-11 16:11:48','user58@app.com'),(74,'user59',1,'$2a$10$Bh0s6M.stlvVnozs8nca9.qOb6.gUyrDX2i7JvjwAdN0sTsR8E22e','2014-12-11 16:11:48','user59@app.com'),(75,'user60',1,'$2a$10$3QsiK1ImUfr5W0A3fwluYeoZQHv24n0kHqh6R/F2f3wcRjZr/n4Ty','2014-12-11 16:11:48','user60@app.com'),(76,'user61',1,'$2a$10$orb702vmwUqUUccDVIx68..gNqphv58ItmKINJe1QDNBLVWVMicvO','2014-12-11 16:11:48','user61@app.com'),(77,'user62',1,'$2a$10$rHj4lTgwD/cmTwxkPVLRf..lD7Pugcwp9aPDNp8U3IRHeVZZASfoq','2014-12-11 16:11:48','user62@app.com'),(78,'user63',1,'$2a$10$gQF/vwZFW.reAMP7kwxRyeOQCs8HAjbG4aqi0fb8xb2QYRR3AeVda','2014-12-11 16:11:48','user63@app.com'),(79,'user64',1,'$2a$10$F6QlOsZNRdwQEXAo44PZhOrxDpagmSQ9x0YrPYhStM.vtsREyuyGu','2014-12-11 16:11:48','user64@app.com'),(80,'user65',1,'$2a$10$6uKyfJ4OYs11XFSoMcw1KOK2sgVMtkW3VMEYgRpXzHheakUlqiR2O','2014-12-11 16:11:48','user65@app.com'),(81,'user66',1,'$2a$10$b4APVRf1ktxhhLBJO4DM5uK.zhNY.nQiloKp6EF41AoOqqH6I9kE6','2014-12-11 16:11:48','user66@app.com'),(82,'user67',1,'$2a$10$.hXv7hLvqWtC0NDU1USOuOf3OIfA145RqyMTVoe8TIpz.CSRp1Os6','2014-12-11 16:11:48','user67@app.com'),(83,'user68',1,'$2a$10$MeoSuhzwL.uxhf5e2uyS7.zxtttWAgzMHzsmB2bFRgUPHHHKy.aK6','2014-12-11 16:11:49','user68@app.com'),(84,'user69',1,'$2a$10$MGfRQKXLTk09qX39hesR8uYKNKLq4YQrsS8JmaOGeA0Fsj3X7Acza','2014-12-11 16:11:49','user69@app.com'),(85,'user70',1,'$2a$10$e2faUWqJbOmcwQ2DPDvGBu1R.SW6GABtfZXTUYGBM9s9GETc1EqOi','2014-12-11 16:11:49','user70@app.com'),(86,'user71',1,'$2a$10$JREymJUWLSi8gjdxJOMDX.rRLUmEKusR2c8B7vuuZjB3lZM9Tyg.K','2014-12-11 16:11:49','user71@app.com'),(87,'user72',1,'$2a$10$GtPywGeLKOWBX2Ie1.Hv9OVjmmYmRq0qz6LzEDhXICb8xraDD1cEm','2014-12-11 16:11:49','user72@app.com'),(88,'user73',1,'$2a$10$jl2ePVGy31uZwtp70DfgyuQCcfxz0DaDlFAjPWSiySpymf4IPw4lG','2014-12-11 16:11:49','user73@app.com'),(89,'user74',1,'$2a$10$SmeGgJulkVyET8zQNclh/OyHPmAfR26NA6.Ezfnc0dOHIfGvcvpZq','2014-12-11 16:11:49','user74@app.com'),(90,'user75',1,'$2a$10$XgG7gsh8fc04wtAWuTB8quTjWWuLwQ.2H2.m5XF.aJnmn3xAF1GRe','2014-12-11 16:11:49','user75@app.com'),(91,'user76',1,'$2a$10$WAOIyGVr3Ir.aknxNTHW9e/yFS4ZWKh6iuIZFOnOPQ8KCUIFSrA.2','2014-12-11 16:11:49','user76@app.com'),(92,'user77',1,'$2a$10$bvzWEcK6hNxBq5TnulckzeO6m8yswMHaTmIOeMvAhQGgTjMHf6g7.','2014-12-11 16:11:49','user77@app.com'),(93,'user78',1,'$2a$10$gVL5J5trzY5X6ARTvvn9C.LnDMPqTVmZJ7kSu8hHz.1r8rJKTYSp2','2014-12-11 16:11:49','user78@app.com'),(94,'user79',1,'$2a$10$6ZOKvdKyDPOcuCNb9.VKAuUunOm5DL5Voe7oU1Q4jSsdp0Fh6r9FW','2014-12-11 16:11:50','user79@app.com'),(95,'user80',1,'$2a$10$GAMtN..iclT5BGMFXRABdecYf5ix4FSeVjN8pdElXGwdWA7ixnkU.','2014-12-11 16:11:50','user80@app.com'),(96,'user81',1,'$2a$10$CC6iQMCshijdOJwweesA7.rPMenf35CaRDzAfQu3rdoVZZK4mfzP2','2014-12-11 16:11:50','user81@app.com'),(97,'user82',1,'$2a$10$EJk/MDIoFMTcjauoWPCPku86sO/mv72rV1Q6iyn5fhNEM295zP4o6','2014-12-11 16:11:50','user82@app.com'),(98,'user83',1,'$2a$10$VO6Gm5xQWkofTjDFzvbMYuKV22e89xRTg8kWqOPeJPm3zbSuK5pyu','2014-12-11 16:11:50','user83@app.com'),(99,'user84',1,'$2a$10$9Iz.gxM2q27txnPgWUaLTOY8AjA2F3Vjm.E41IcVZjWhXtmAun4vG','2014-12-11 16:11:50','user84@app.com'),(100,'user85',1,'$2a$10$lSsOhEYQ6s5cl4PKUFiFj.cuhn1efXefmALrp3QARvPWBqe8P4h0i','2014-12-11 16:11:50','user85@app.com'),(101,'user86',1,'$2a$10$RzXU8a2DUXy.YEomJS6eL.q7dZzGTkHk3nA/2TWULY4qnm2Y3i55q','2014-12-11 16:11:50','user86@app.com'),(102,'user87',1,'$2a$10$zOzXPhYGowaMLPJKkG2gR.ct2mbYAipBl/zwTAMRfCofLS2vCtuhK','2014-12-11 16:11:50','user87@app.com'),(103,'user88',1,'$2a$10$l0qhoz23MpJCjbiDqermEOWEBxSjQLYO1isHtKSo9rJhEiEpWldKe','2014-12-11 16:11:50','user88@app.com'),(104,'user89',1,'$2a$10$s/7a0AWmR.l2oxq3oJQJ8.LdVziYmyGfttKewV4uyxd8.vLpBhjZq','2014-12-11 16:11:50','user89@app.com'),(105,'user90',1,'$2a$10$bUcHlWdZtpMzY67O60gMruioAmvAAzjpw4jJeRC2339EnNgTZy70K','2014-12-11 16:11:51','user90@app.com'),(106,'user91',1,'$2a$10$0gX0IHdUe7D2DxI7dH/Aeudno05BUvnYklwwDYMmaga.P16FrvCZ2','2014-12-11 16:11:51','user91@app.com'),(107,'user92',1,'$2a$10$dQJMW7VNWXGTrb.q7rjYK.agadGzuE.jGiciTwjAPAOqh5UlskcPG','2014-12-11 16:11:51','user92@app.com'),(108,'user93',1,'$2a$10$CWvYskRlclABmVJBwlE4nuOyC5W8.0lI8rqgVMWsWvVzLIHUVn452','2014-12-11 16:11:51','user93@app.com'),(109,'user94',1,'$2a$10$UzmKTaaqMdqDWyvwsrntruDfMcA4a2yKrjL1Rt2z5bK3WV/nVlPCa','2014-12-11 16:11:51','user94@app.com'),(110,'user95',1,'$2a$10$oJcVqz3RZ9J2mnqsTARzreHrMc8ZuZmvcWjrhPYPTBlgb5qDYMdxe','2014-12-11 16:11:51','user95@app.com'),(111,'user96',1,'$2a$10$AdEt2fc85sG/D28i5nf.LuCNpOCVXPJGeS0zrlHpStdAytCOvtXcy','2014-12-11 16:11:51','user96@app.com'),(112,'user97',1,'$2a$10$HtOuhHXLztKHB/ouZx7EDe96ISIpI8ChAV9zm9kxnxhguopDC9HCu','2014-12-11 16:11:51','user97@app.com'),(113,'user98',1,'$2a$10$gurRYCBvvfdMkqSw5bLDyOfkVD56QPd477USjDQz3o7Y7T01TyQTK','2014-12-11 16:11:51','user98@app.com'),(114,'user99',1,'$2a$10$IDwwlEsiFZjL7lhscl7VROr3agn/r0us3oYZMTiwkBqFNHFa4fhhe','2014-12-11 16:11:51','user99@app.com'),(115,'UPDATED_6de3f5c7-279d-4748-a7e3-6d84af164dc3',1,'$2a$10$cRwbsrb5H8dZ9hKHJ4RkxeLCvcbFS0pPZnt.5XHaopd4OCOiVRXYu','2014-12-26 08:48:17','UPDATED_6de3f5c7-279d-4748-a7e3-6d84af164dc3@app.com');
/*!40000 ALTER TABLE `users` ENABLE KEYS */;
UNLOCK TABLES;
/*!40103 SET TIME_ZONE=@OLD_TIME_ZONE */;

/*!40101 SET SQL_MODE=@OLD_SQL_MODE */;
/*!40014 SET FOREIGN_KEY_CHECKS=@OLD_FOREIGN_KEY_CHECKS */;
/*!40014 SET UNIQUE_CHECKS=@OLD_UNIQUE_CHECKS */;
/*!40101 SET CHARACTER_SET_CLIENT=@OLD_CHARACTER_SET_CLIENT */;
/*!40101 SET CHARACTER_SET_RESULTS=@OLD_CHARACTER_SET_RESULTS */;
/*!40101 SET COLLATION_CONNECTION=@OLD_COLLATION_CONNECTION */;
/*!40111 SET SQL_NOTES=@OLD_SQL_NOTES */;

-- Dump completed on 2014-12-26  8:49:10
